{"cameraMode":{"drawMode":0,"name":"Shaded","section":"Shading Mode"},"sceneLighting":true,"audioPlay":false,"sceneViewState":{"showFog":true,"showMaterialUpdate":true,"showSkybox":true,"showFlares":true,"showImageEffects":true,"showParticleSystems":true},"in2DMode":false,"pivot":{"x":37.93614196777344,"y":0.7876560688018799,"z":158.11207580566407},"rotation":{"x":0.16363929212093354,"y":0.40249326825141909,"z":-0.07337037473917008,"w":0.8976849317550659},"size":3.4254703521728517,"orthographic":false}